109568;149187,109569;0,109570;0,109571;0,109572;0,109573;0,109574;0,109575;0,109576;0,109577;0,109578;0,109579;0,109580;0,109581;155,109582;19085,109583;0,109584;77073,109585;807,109586;0,109587;0,109588;0,109589;0,109591;0,109592;0,109593;0,109594;0,109595;0,109596;64,109597;151234,109598;0,109599;0,109600;0,109601;0,109602;0,109603;0,109605;0,109606;0,109607;0,109608;0,109609;0,109610;0,109611;0,109612;0,109613;0,109614;0,109615;0,109616;0,109617;132584,109618;0,109619;0,109620;0,109621;0,109622;0,109623;0,109624;0,109625;10810,109626;0,109627;0,109628;0,109629;0,109630;0,109631;0,109632;1018,109633;0,109634;145705,109635;0,109636;52153,109637;0,109638;0,109640;0,109641;0,109644;0,109646;0,109647;0,109648;0,109650;0,109651;0,109652;41641,109653;0,109654;0,109655;0,109656;0,109657;0,109658;0,109659;0,109660;0,109661;0,109662;0,109663;0,109664;0,109665;0,109666;0,109667;0,109668;153882,109669;0,109670;52939,109671;0,109673;0,109674;0,109675;0,109676;0,109677;0,109678;0,109679;0,109680;717,109681;10359,109682;0,109683;0,109684;0,109686;0,109687;0,109688;0,109689;0,109690;0,109691;0,109692;0,109693;20145,109694;0,109695;134,109696;0,109697;0,109698;0,109699;5896,109700;0,109701;46248,109702;5908,109703;0,109704;0,109705;0,109706;0,109707;0,109708;58479,109709;0,109710;47236,109711;0,109714;0,109716;0,109717;0,109718;0,109719;0,109720;0,109721;0,109722;179369,109723;0,109724;0,109725;0,109726;0,109727;0,109728;0,109729;0,109731;0,109732;0,109734;0,109735;6607,109736;0,109737;0,109740;0,109741;0,109742;0,109743;0,109744;0,109745;0,109746;0,109747;0,109748;0,109749;0,109752;29425,109753;0,109754;0,109755;0,109756;0,109757;92916,109758;0,109759;0,109760;0,109761;0,109762;0,109763;0,109764;0,109766;10018,109767;0,109769;0,109417;0,109453;1,109473;0,109476;0,109484;150,109492;0,109494;0,109495;0,109498;32,109501;1958,109502;0,109503;0,109505;0,109506;0,109508;0,109509;3,109510;0,109511;0,109512;0,109513;11099,109514;0,109515;63,109517;0,109518;0,109519;0,109520;191717,109521;0,109522;0,109523;0,109524;0,109525;0,109526;0,109527;0,109528;0,109529;0,109530;33,109531;0,109532;0,109533;1339,109534;0,109535;262,109536;0,109538;0,109539;0,109540;0,109541;0,109542;0,109543;0,109544;28837,109545;0,109546;173,109547;0,109548;3607,109550;0,109551;34090,109552;10136,109553;0,109554;0,109555;0,109556;0,109557;26812,109558;0,109559;0,109560;0,109561;99165,109562;0,109563;0,109564;0,109565;0,109566;0,109567;0,
109568;149187,109569;0,109570;0,109571;0,109572;0,109573;0,109574;0,109575;0,109576;0,109577;0,109578;0,109579;0,109580;0,109581;155,109582;19085,109583;0,109584;77073,109585;807,109586;0,109587;0,109588;0,109589;0,109591;0,109592;0,109593;0,109594;0,109595;0,109596;64,109597;151234,109598;0,109599;0,109600;0,109601;0,109602;0,109603;0,109605;0,109606;0,109607;0,109608;0,109609;0,109610;0,109611;0,109612;0,109613;0,109614;0,109615;0,109616;0,109617;132584,109618;0,109619;0,109620;0,109621;0,109622;0,109623;0,109624;0,109625;10810,109626;0,109627;0,109628;0,109629;0,109630;0,109631;0,109632;1018,109633;0,109634;145705,109635;0,109636;52153,109637;0,109638;0,109640;0,109641;0,109644;0,109646;0,109647;0,109648;0,109650;0,109651;0,109652;41641,109653;0,109654;0,109655;0,109656;0,109657;0,109658;0,109659;0,109660;0,109661;0,109662;0,109663;0,109664;0,109665;0,109666;0,109667;0,109668;153882,109669;0,109670;52939,109671;0,109673;0,109674;0,109675;0,109676;0,109677;0,109678;0,109679;0,109680;717,109681;10359,109682;0,109683;0,109684;0,109686;0,109687;0,109688;0,109689;0,109690;0,109691;0,109692;0,109693;20145,109694;0,109695;134,109696;0,109697;0,109698;0,109699;5896,109700;0,109701;46248,109702;5908,109703;0,109704;0,109705;0,109706;0,109707;0,109708;58479,109709;0,109710;47236,109711;0,109714;0,109716;0,109717;0,109718;0,109719;0,109720;0,109721;0,109722;179369,109723;0,109724;0,109725;0,109726;0,109727;0,109728;0,109729;0,109731;0,109732;0,109734;0,109735;6607,109736;0,109737;0,109740;0,109741;0,109742;0,109743;0,109744;0,109745;0,109746;0,109747;0,109748;0,109749;0,109752;39408,109753;0,109754;0,109755;0,109756;0,109757;92916,109758;0,109759;0,109760;0,109761;0,109762;0,109763;0,109764;0,109766;10018,109767;0,109769;0,109417;0,109453;1,109473;0,109476;0,109484;150,109492;0,109494;0,109495;0,109498;32,109501;1958,109502;0,109503;0,109505;0,109506;0,109508;0,109509;3,109510;0,109511;0,109512;0,109513;11099,109514;0,109515;63,109517;0,109518;0,109519;0,109520;191717,109521;0,109522;0,109523;0,109524;0,109525;0,109526;0,109527;0,109528;0,109529;0,109530;33,109531;0,109532;0,109533;1339,109534;0,109535;262,109536;0,109538;0,109539;0,109540;0,109541;0,109542;0,109543;0,109544;28837,109545;0,109546;173,109547;0,109548;3607,109550;0,109551;34090,109552;10136,109553;0,109554;0,109555;0,109556;0,109557;26812,109558;0,109559;0,109560;0,109561;99165,109562;0,109563;0,109564;0,109565;0,109566;0,109567;0,
109568;149187,109569;0,109570;0,109571;0,109572;0,109573;0,109574;0,109575;0,109576;0,109577;0,109578;0,109579;0,109580;0,109581;155,109582;19085,109583;0,109584;77073,109585;807,109586;0,109587;0,109588;0,109589;0,109591;0,109592;0,109593;0,109594;0,109595;0,109596;64,109597;151234,109598;0,109599;0,109600;0,109601;0,109602;0,109603;0,109605;0,109606;0,109607;0,109608;0,109609;0,109610;0,109611;0,109612;0,109613;0,109614;0,109615;0,109616;0,109617;132584,109618;0,109619;0,109620;0,109621;0,109622;0,109623;0,109624;0,109625;10810,109626;0,109627;0,109628;0,109629;0,109630;0,109631;0,109632;1018,109633;0,109634;145705,109635;0,109636;52153,109637;0,109638;0,109640;0,109641;0,109644;0,109646;0,109647;0,109648;0,109650;0,109651;0,109652;41641,109653;0,109654;0,109655;0,109656;0,109657;0,109658;0,109659;0,109660;0,109661;0,109662;0,109663;0,109664;0,109665;0,109666;0,109667;0,109668;153882,109669;0,109670;52939,109671;0,109673;0,109674;0,109675;0,109676;0,109677;0,109678;0,109679;0,109680;717,109681;10359,109682;0,109683;0,109684;0,109686;0,109687;0,109688;0,109689;0,109690;0,109691;0,109692;0,109693;20145,109694;0,109695;134,109696;0,109697;0,109698;0,109699;5896,109700;0,109701;46248,109702;5908,109703;0,109704;0,109705;0,109706;0,109707;0,109708;58479,109709;0,109710;47236,109711;0,109714;0,109716;0,109717;0,109718;0,109719;0,109720;0,109721;0,109722;179369,109723;0,109724;0,109725;0,109726;0,109727;0,109728;0,109729;0,109731;0,109732;0,109734;0,109735;6607,109736;0,109737;0,109740;0,109741;0,109742;0,109743;0,109744;0,109745;0,109746;0,109747;0,109748;0,109749;0,109752;49169,109753;0,109754;0,109755;0,109756;0,109757;92916,109758;0,109759;0,109760;0,109761;0,109762;0,109763;0,109764;0,109766;10018,109767;0,109769;0,109417;0,109453;1,109473;0,109476;0,109484;150,109492;0,109494;0,109495;0,109498;32,109501;1958,109502;0,109503;0,109505;0,109506;0,109508;0,109509;3,109510;0,109511;0,109512;0,109513;11099,109514;0,109515;63,109517;0,109518;0,109519;0,109520;191717,109521;0,109522;0,109523;0,109524;0,109525;0,109526;0,109527;0,109528;0,109529;0,109530;33,109531;0,109532;0,109533;1339,109534;0,109535;262,109536;0,109538;0,109539;0,109540;0,109541;0,109542;0,109543;0,109544;28837,109545;0,109546;173,109547;0,109548;3607,109550;0,109551;34090,109552;10136,109553;0,109554;0,109555;0,109556;0,109557;26812,109558;0,109559;0,109560;0,109561;99165,109562;0,109563;0,109564;0,109565;0,109566;0,109567;0,
109568;149187,109569;0,109570;0,109571;0,109572;0,109573;0,109574;0,109575;0,109576;0,109577;0,109578;0,109579;0,109580;0,109581;155,109582;19085,109583;0,109584;77073,109585;807,109586;0,109587;0,109588;0,109589;0,109591;0,109592;0,109593;0,109594;0,109595;0,109596;64,109597;151234,109598;0,109599;0,109600;0,109601;0,109602;0,109603;0,109605;0,109606;0,109607;0,109608;0,109609;0,109610;0,109611;0,109612;0,109613;0,109614;0,109615;0,109616;0,109617;132584,109618;0,109619;0,109620;0,109621;0,109622;0,109623;0,109624;0,109625;10810,109626;0,109627;0,109628;0,109629;0,109630;0,109631;0,109632;1018,109633;0,109634;145705,109635;0,109636;52153,109637;0,109638;0,109640;0,109641;0,109644;0,109646;0,109647;0,109648;0,109650;0,109651;0,109652;41641,109653;0,109654;0,109655;0,109656;0,109657;0,109658;0,109659;0,109660;0,109661;0,109662;0,109663;0,109664;0,109665;0,109666;0,109667;0,109668;153882,109669;0,109670;52939,109671;0,109673;0,109674;0,109675;0,109676;0,109677;0,109678;0,109679;0,109680;717,109681;10359,109682;0,109683;0,109684;0,109686;0,109687;0,109688;0,109689;0,109690;0,109691;0,109692;0,109693;20145,109694;0,109695;134,109696;0,109697;0,109698;0,109699;5896,109700;0,109701;46248,109702;5908,109703;0,109704;0,109705;0,109706;0,109707;0,109708;58479,109709;0,109710;47236,109711;0,109714;0,109716;0,109717;0,109718;0,109719;0,109720;0,109721;0,109722;179369,109723;0,109724;0,109725;0,109726;0,109727;0,109728;0,109729;0,109731;0,109732;0,109734;0,109735;6607,109736;0,109737;0,109740;0,109741;0,109742;0,109743;0,109744;0,109745;0,109746;0,109747;0,109748;0,109749;0,109752;56460,109753;0,109754;0,109755;0,109756;0,109757;92916,109758;0,109759;0,109760;0,109761;0,109762;0,109763;0,109764;0,109766;12432,109767;0,109769;0,109770;0,109417;0,109453;1,109473;0,109476;0,109484;150,109492;0,109494;0,109495;0,109498;32,109501;1958,109502;0,109503;0,109505;0,109506;0,109508;0,109509;3,109510;0,109511;0,109512;0,109513;11099,109514;0,109515;63,109517;0,109518;0,109519;0,109520;191717,109521;0,109522;0,109523;0,109524;0,109525;0,109526;0,109527;0,109528;0,109529;0,109530;33,109531;0,109532;0,109533;1339,109534;0,109535;262,109536;0,109538;0,109539;0,109540;0,109541;0,109542;0,109543;0,109544;28837,109545;0,109546;173,109547;0,109548;3607,109550;0,109551;34090,109552;10136,109553;0,109554;0,109555;0,109556;0,109557;26812,109558;0,109559;0,109560;0,109561;99165,109562;0,109563;0,109564;0,109565;0,109566;0,109567;0,
109568;149187,109569;0,109570;0,109571;0,109572;0,109573;0,109574;0,109575;0,109576;0,109577;0,109578;0,109579;0,109580;0,109581;155,109582;19085,109583;0,109584;77073,109585;807,109586;0,109587;0,109588;0,109589;0,109591;0,109592;0,109593;0,109594;0,109595;0,109596;64,109597;151234,109598;0,109599;0,109600;0,109601;0,109602;0,109603;0,109605;0,109606;0,109607;0,109608;0,109609;0,109610;0,109611;0,109612;0,109613;0,109614;0,109615;0,109616;0,109617;132584,109618;0,109619;0,109620;0,109621;0,109622;0,109623;0,109624;0,109625;10810,109626;0,109627;0,109628;0,109629;0,109630;0,109631;0,109632;1018,109633;0,109634;145705,109635;0,109636;52153,109637;0,109638;0,109640;0,109641;0,109644;0,109646;0,109647;0,109648;0,109650;0,109651;0,109652;41641,109653;0,109654;0,109655;0,109656;0,109657;0,109658;0,109659;0,109660;0,109661;0,109662;0,109663;0,109664;0,109665;0,109666;0,109667;0,109668;153882,109669;0,109670;52939,109671;0,109673;0,109674;0,109675;0,109676;0,109677;0,109678;0,109679;0,109680;717,109681;10359,109682;0,109683;0,109684;0,109686;0,109687;0,109688;0,109689;0,109690;0,109691;0,109692;0,109693;20145,109694;0,109695;134,109696;0,109697;0,109698;0,109699;5896,109700;0,109701;46248,109702;5908,109703;0,109704;0,109705;0,109706;0,109707;0,109708;58479,109709;0,109710;47236,109711;0,109714;0,109716;0,109717;0,109718;0,109719;0,109720;0,109721;0,109722;179369,109723;0,109724;0,109725;0,109726;0,109727;0,109728;0,109729;0,109731;0,109732;0,109734;0,109735;6607,109736;0,109737;0,109740;0,109741;0,109742;0,109743;0,109744;0,109745;0,109746;0,109747;0,109748;0,109749;0,109752;57081,109753;0,109754;0,109755;0,109756;0,109757;92916,109758;0,109759;0,109760;0,109761;0,109762;0,109763;0,109764;0,109766;18265,109767;0,109769;0,109770;0,109771;0,109772;2439,109417;0,109453;1,109473;0,109476;0,109484;150,109492;0,109494;0,109495;0,109498;32,109501;1958,109502;0,109503;0,109505;0,109506;0,109508;0,109509;3,109510;0,109511;0,109512;0,109513;11099,109514;0,109515;63,109517;0,109518;0,109519;0,109520;191717,109521;0,109522;0,109523;0,109524;0,109525;0,109526;0,109527;0,109528;0,109529;0,109530;33,109531;0,109532;0,109533;1339,109534;0,109535;262,109536;0,109538;0,109539;0,109540;0,109541;0,109542;0,109543;0,109544;28837,109545;0,109546;173,109547;0,109548;3607,109550;0,109551;34090,109552;10136,109553;0,109554;0,109555;0,109556;0,109557;26812,109558;0,109559;0,109560;0,109561;99165,109562;0,109563;0,109564;0,109565;0,109566;0,109567;0,
109568;149187,109569;0,109570;0,109571;0,109572;0,109573;0,109574;0,109575;0,109576;0,109577;0,109578;0,109579;0,109580;0,109581;155,109582;19085,109583;0,109584;77073,109585;807,109586;0,109587;0,109588;0,109589;0,109591;0,109592;0,109593;0,109594;0,109595;0,109596;64,109597;151234,109598;0,109599;0,109600;0,109601;0,109602;0,109603;0,109605;0,109606;0,109607;0,109608;0,109609;0,109610;0,109611;0,109612;0,109613;0,109614;0,109615;0,109616;0,109617;132584,109618;0,109619;0,109620;0,109621;0,109622;0,109623;0,109624;0,109625;10810,109626;0,109627;0,109628;0,109629;0,109630;0,109631;0,109632;1018,109633;0,109634;145705,109635;0,109636;52153,109637;0,109638;0,109640;0,109641;0,109644;0,109646;0,109647;0,109648;0,109650;0,109651;0,109652;41641,109653;0,109654;0,109655;0,109656;0,109657;0,109658;0,109659;0,109660;0,109661;0,109662;0,109663;0,109664;0,109665;0,109666;0,109667;0,109668;153882,109669;0,109670;52939,109671;0,109673;0,109674;0,109675;0,109676;0,109677;0,109678;0,109679;0,109680;717,109681;10359,109682;0,109683;0,109684;0,109686;0,109687;0,109688;0,109689;0,109690;0,109691;0,109692;0,109693;20145,109694;0,109695;134,109696;0,109697;0,109698;0,109699;5896,109700;0,109701;46248,109702;5908,109703;0,109704;0,109705;0,109706;0,109707;0,109708;58479,109709;0,109710;47236,109711;0,109714;0,109716;0,109717;0,109718;0,109719;0,109720;0,109721;0,109722;179369,109723;0,109724;0,109725;0,109726;0,109727;0,109728;0,109729;0,109731;0,109732;0,109734;0,109735;6607,109736;0,109737;0,109740;0,109741;0,109742;0,109743;0,109744;0,109745;0,109746;0,109747;0,109748;0,109749;0,109752;57081,109753;0,109754;0,109755;0,109756;0,109757;92916,109758;0,109759;0,109760;0,109761;0,109762;0,109763;0,109764;0,109765;0,109766;18265,109767;0,109769;0,109770;0,109771;0,109772;11410,109773;0,109417;0,109453;1,109473;0,109476;0,109484;150,109492;0,109494;0,109495;0,109498;32,109501;1958,109502;0,109503;0,109505;0,109506;0,109508;0,109509;3,109510;0,109511;0,109512;0,109513;11099,109514;0,109515;63,109517;0,109518;0,109519;0,109520;191717,109521;0,109522;0,109523;0,109524;0,109525;0,109526;0,109527;0,109528;0,109529;0,109530;33,109531;0,109532;0,109533;1339,109534;0,109535;262,109536;0,109538;0,109539;0,109540;0,109541;0,109542;0,109543;0,109544;28837,109545;0,109546;173,109547;0,109548;3607,109550;0,109551;34090,109552;10136,109553;0,109554;0,109555;0,109556;0,109557;26812,109558;0,109559;0,109560;0,109561;99165,109562;0,109563;0,109564;0,109565;0,109566;0,109567;0,
109568;149187,109569;0,109570;0,109571;0,109572;0,109573;0,109574;0,109575;0,109576;0,109577;0,109578;0,109579;0,109580;0,109581;155,109582;19085,109583;0,109584;77073,109585;807,109586;0,109587;0,109588;0,109589;0,109591;0,109592;0,109593;0,109594;0,109595;0,109596;64,109597;151234,109598;0,109599;0,109600;0,109601;0,109602;0,109603;0,109605;0,109606;0,109607;0,109608;0,109609;0,109610;0,109611;0,109612;0,109613;0,109614;0,109615;0,109616;0,109617;132584,109618;0,109619;0,109620;0,109621;0,109622;0,109623;0,109624;0,109625;10810,109626;0,109627;0,109628;0,109629;0,109630;0,109631;0,109632;1018,109633;0,109634;145705,109635;0,109636;52153,109637;0,109638;0,109640;0,109641;0,109644;0,109646;0,109647;0,109648;0,109650;0,109651;0,109652;41641,109653;0,109654;0,109655;0,109656;0,109657;0,109658;0,109659;0,109660;0,109661;0,109662;0,109663;0,109664;0,109665;0,109666;0,109667;0,109668;153882,109669;0,109670;52939,109671;0,109673;0,109674;0,109675;0,109676;0,109677;0,109678;0,109679;0,109680;717,109681;10359,109682;0,109683;0,109684;0,109686;0,109687;0,109688;0,109689;0,109690;0,109691;0,109692;0,109693;20145,109694;0,109695;134,109696;0,109697;0,109698;0,109699;5896,109700;0,109701;46248,109702;5908,109703;0,109704;0,109705;0,109706;0,109707;0,109708;58479,109709;0,109710;47236,109711;0,109714;0,109716;0,109717;0,109718;0,109719;0,109720;0,109721;0,109722;179369,109723;0,109724;0,109725;0,109726;0,109727;0,109728;0,109729;0,109731;0,109732;0,109734;0,109735;6607,109736;0,109737;0,109740;0,109741;0,109742;0,109743;0,109744;0,109745;0,109746;0,109747;0,109748;0,109749;0,109752;57081,109753;0,109754;0,109755;0,109756;0,109757;92916,109758;0,109759;0,109760;0,109761;0,109762;0,109763;0,109764;0,109765;0,109766;18265,109767;0,109769;0,109770;0,109771;0,109772;20547,109773;0,109774;0,109775;0,109417;0,109453;1,109473;0,109476;0,109484;150,109492;0,109494;0,109495;0,109498;32,109501;1958,109502;0,109503;0,109505;0,109506;0,109508;0,109509;3,109510;0,109511;0,109512;0,109513;11099,109514;0,109515;63,109517;0,109518;0,109519;0,109520;191717,109521;0,109522;0,109523;0,109524;0,109525;0,109526;0,109527;0,109528;0,109529;0,109530;33,109531;0,109532;0,109533;1339,109534;0,109535;262,109536;0,109538;0,109539;0,109540;0,109541;0,109542;0,109543;0,109544;28837,109545;0,109546;173,109547;0,109548;3607,109550;0,109551;34090,109552;10136,109553;0,109554;0,109555;0,109556;0,109557;26812,109558;0,109559;0,109560;0,109561;99165,109562;0,109563;0,109564;0,109565;0,109566;0,109567;0,
109568;149187,109569;0,109570;0,109571;0,109572;0,109573;0,109574;0,109575;0,109576;0,109577;0,109578;0,109579;0,109580;0,109581;155,109582;19085,109583;0,109584;77073,109585;807,109586;0,109587;0,109588;0,109589;0,109591;0,109592;0,109593;0,109594;0,109595;0,109596;64,109597;151234,109598;0,109599;0,109600;0,109601;0,109602;0,109603;0,109605;0,109606;0,109607;0,109608;0,109609;0,109610;0,109611;0,109612;0,109613;0,109614;0,109615;0,109616;0,109617;132584,109618;0,109619;0,109620;0,109621;0,109622;0,109623;0,109624;0,109625;10810,109626;0,109627;0,109628;0,109629;0,109630;0,109631;0,109632;1018,109633;0,109634;145705,109635;0,109636;52153,109637;0,109638;0,109640;0,109641;0,109644;0,109646;0,109647;0,109648;0,109650;0,109651;0,109652;41641,109653;0,109654;0,109655;0,109656;0,109657;0,109658;0,109659;0,109660;0,109661;0,109662;0,109663;0,109664;0,109665;0,109666;0,109667;0,109668;153882,109669;0,109670;52939,109671;0,109673;0,109674;0,109675;0,109676;0,109677;0,109678;0,109679;0,109680;717,109681;10359,109682;0,109683;0,109684;0,109686;0,109687;0,109688;0,109689;0,109690;0,109691;0,109692;0,109693;20145,109694;0,109695;134,109696;0,109697;0,109698;0,109699;5896,109700;0,109701;46248,109702;5908,109703;0,109704;0,109705;0,109706;0,109707;0,109708;58479,109709;0,109710;47236,109711;0,109714;0,109716;0,109717;0,109718;0,109719;0,109720;0,109721;0,109722;179369,109723;0,109724;0,109725;0,109726;0,109727;0,109728;0,109729;0,109731;0,109732;0,109734;0,109735;6607,109736;0,109737;0,109740;0,109741;0,109742;0,109743;0,109744;0,109745;0,109746;0,109747;0,109748;0,109749;0,109752;57081,109753;0,109754;0,109755;0,109756;0,109757;92916,109758;0,109759;0,109760;0,109761;0,109762;0,109763;0,109764;0,109765;0,109766;24157,109767;0,109769;0,109770;0,109771;0,109772;23528,109773;0,109774;0,109775;0,109417;0,109453;1,109473;0,109476;0,109484;150,109492;0,109494;0,109495;0,109498;32,109501;1958,109502;0,109503;0,109505;0,109506;0,109508;0,109509;3,109510;0,109511;0,109512;0,109513;11099,109514;0,109515;63,109517;0,109518;0,109519;0,109520;191717,109521;0,109522;0,109523;0,109524;0,109525;0,109526;0,109527;0,109528;0,109529;0,109530;33,109531;0,109532;0,109533;1339,109534;0,109535;262,109536;0,109538;0,109539;0,109540;0,109541;0,109542;0,109543;0,109544;28837,109545;0,109546;173,109547;0,109548;3607,109550;0,109551;34090,109552;10136,109553;0,109554;0,109555;0,109556;0,109557;26812,109558;0,109559;0,109560;0,109561;99165,109562;0,109563;0,109564;0,109565;0,109566;0,109567;0,
109568;149187,109569;0,109570;0,109571;0,109572;0,109573;0,109574;0,109575;0,109576;0,109577;0,109578;0,109579;0,109580;0,109581;155,109582;19085,109583;0,109584;77073,109585;807,109586;0,109587;0,109588;0,109589;0,109591;0,109592;0,109593;0,109594;0,109595;0,109596;64,109597;151234,109598;0,109599;0,109600;0,109601;0,109602;0,109603;0,109605;0,109606;0,109607;0,109608;0,109609;0,109610;0,109611;0,109612;0,109613;0,109614;0,109615;0,109616;0,109617;132584,109618;0,109619;0,109620;0,109621;0,109622;0,109623;0,109624;0,109625;10810,109626;0,109627;0,109628;0,109629;0,109630;0,109631;0,109632;1018,109633;0,109634;145705,109635;0,109636;52153,109637;0,109638;0,109640;0,109641;0,109644;0,109646;0,109647;0,109648;0,109650;0,109651;0,109652;41641,109653;0,109654;0,109655;0,109656;0,109657;0,109658;0,109659;0,109660;0,109661;0,109662;0,109663;0,109664;0,109665;0,109666;0,109667;0,109668;153882,109669;0,109670;52939,109671;0,109673;0,109674;0,109675;0,109676;0,109677;0,109678;0,109679;0,109680;717,109681;10359,109682;0,109683;0,109684;0,109686;0,109687;0,109688;0,109689;0,109690;0,109691;0,109692;0,109693;20145,109694;0,109695;134,109696;0,109697;0,109698;0,109699;5896,109700;0,109701;46248,109702;5908,109703;0,109704;0,109705;0,109706;0,109707;0,109708;58479,109709;0,109710;47236,109711;0,109714;0,109716;0,109717;0,109718;0,109719;0,109720;0,109721;0,109722;179369,109723;0,109724;0,109725;0,109726;0,109727;0,109728;0,109729;0,109731;0,109732;0,109734;0,109735;6607,109736;0,109737;0,109740;0,109741;0,109742;0,109743;0,109744;0,109745;0,109746;0,109747;0,109748;0,109749;0,109752;57081,109753;0,109754;0,109755;0,109756;0,109757;92916,109758;0,109759;0,109760;0,109761;0,109762;0,109763;0,109764;0,109765;0,109766;33799,109767;0,109769;0,109770;0,109771;0,109772;23528,109773;0,109774;0,109775;0,109776;0,109777;0,109417;0,109453;1,109473;0,109476;0,109484;150,109492;0,109494;0,109495;0,109498;32,109501;1958,109502;0,109503;0,109505;0,109506;0,109508;0,109509;3,109510;0,109511;0,109512;0,109513;11099,109514;0,109515;63,109517;0,109518;0,109519;0,109520;191717,109521;0,109522;0,109523;0,109524;0,109525;0,109526;0,109527;0,109528;0,109529;0,109530;33,109531;0,109532;0,109533;1339,109534;0,109535;262,109536;0,109538;0,109539;0,109540;0,109541;0,109542;0,109543;0,109544;28837,109545;0,109546;173,109547;0,109548;3607,109550;0,109551;34090,109552;10136,109553;0,109554;0,109555;0,109556;0,109557;26812,109558;0,109559;0,109560;0,109561;99165,109562;0,109563;0,109564;0,109565;0,109566;0,109567;0,
109568;149187,109569;0,109570;0,109571;0,109572;0,109573;0,109574;0,109575;0,109576;0,109577;0,109578;0,109579;0,109580;0,109581;155,109582;19085,109583;0,109584;77073,109585;807,109586;0,109587;0,109588;0,109589;0,109591;0,109592;0,109593;0,109594;0,109595;0,109596;64,109597;151234,109598;0,109599;0,109600;0,109601;0,109602;0,109603;0,109605;0,109606;0,109607;0,109608;0,109609;0,109610;0,109611;0,109612;0,109613;0,109614;0,109615;0,109616;0,109617;132584,109618;0,109619;0,109620;0,109621;0,109622;0,109623;0,109624;0,109625;10810,109626;0,109627;0,109628;0,109629;0,109630;0,109631;0,109632;1018,109633;0,109634;145705,109635;0,109636;52153,109637;0,109638;0,109640;0,109641;0,109644;0,109646;0,109647;0,109648;0,109650;0,109651;0,109652;41641,109653;0,109654;0,109655;0,109656;0,109657;0,109658;0,109659;0,109660;0,109661;0,109662;0,109663;0,109664;0,109665;0,109666;0,109667;0,109668;153882,109669;0,109670;52939,109671;0,109673;0,109674;0,109675;0,109676;0,109677;0,109678;0,109679;0,109680;717,109681;10359,109682;0,109683;0,109684;0,109686;0,109687;0,109688;0,109689;0,109690;0,109691;0,109692;0,109693;20145,109694;0,109695;134,109696;0,109697;0,109698;0,109699;5896,109700;0,109701;46248,109702;5908,109703;0,109704;0,109705;0,109706;0,109707;0,109708;58479,109709;0,109710;47236,109711;0,109714;0,109716;0,109717;0,109718;0,109719;0,109720;0,109721;0,109722;179369,109723;0,109724;0,109725;0,109726;0,109727;0,109728;0,109729;0,109731;0,109732;0,109734;0,109735;6607,109736;0,109737;0,109740;0,109741;0,109742;0,109743;0,109744;0,109745;0,109746;0,109747;0,109748;0,109749;0,109752;57081,109753;0,109754;0,109755;0,109756;0,109757;92916,109758;0,109759;0,109760;0,109761;0,109762;0,109763;0,109764;0,109765;0,109766;43472,109767;0,109769;0,109770;0,109771;0,109772;23528,109773;0,109774;0,109775;0,109776;0,109777;0,109778;0,109779;0,109417;0,109453;1,109473;0,109476;0,109484;150,109492;0,109494;0,109495;0,109498;32,109501;1958,109502;0,109503;0,109505;0,109506;0,109508;0,109509;3,109510;0,109511;0,109512;0,109513;11099,109514;0,109515;63,109517;0,109518;0,109519;0,109520;191717,109521;0,109522;0,109523;0,109524;0,109525;0,109526;0,109527;0,109528;0,109529;0,109530;33,109531;0,109532;0,109533;1339,109534;0,109535;262,109536;0,109538;0,109539;0,109540;0,109541;0,109542;0,109543;0,109544;28837,109545;0,109546;173,109547;0,109548;3607,109550;0,109551;34090,109552;10136,109553;0,109554;0,109555;0,109556;0,109557;26812,109558;0,109559;0,109560;0,109561;99165,109562;0,109563;0,109564;0,109565;0,109566;0,109567;0,
109568;149187,109569;0,109570;0,109571;0,109572;0,109573;0,109574;0,109575;0,109576;0,109577;0,109578;0,109579;0,109580;0,109581;155,109582;19085,109583;0,109584;77073,109585;807,109586;0,109587;0,109588;0,109589;0,109591;0,109592;0,109593;0,109594;0,109595;0,109596;64,109597;151234,109598;0,109599;0,109600;0,109601;0,109602;0,109603;0,109605;0,109606;0,109607;0,109608;0,109609;0,109610;0,109611;0,109612;0,109613;0,109614;0,109615;0,109616;0,109617;132584,109618;0,109619;0,109620;0,109621;0,109622;0,109623;0,109624;0,109625;10810,109626;0,109627;0,109628;0,109629;0,109630;0,109631;0,109632;1018,109633;0,109634;145705,109635;0,109636;52153,109637;0,109638;0,109640;0,109641;0,109644;0,109646;0,109647;0,109648;0,109650;0,109651;0,109652;41641,109653;0,109654;0,109655;0,109656;0,109657;0,109658;0,109659;0,109660;0,109661;0,109662;0,109663;0,109664;0,109665;0,109666;0,109667;0,109668;153882,109669;0,109670;52939,109671;0,109673;0,109674;0,109675;0,109676;0,109677;0,109678;0,109679;0,109680;717,109681;10359,109682;0,109683;0,109684;0,109686;0,109687;0,109688;0,109689;0,109690;0,109691;0,109692;0,109693;20145,109694;0,109695;134,109696;0,109697;0,109698;0,109699;5896,109700;0,109701;46248,109702;5908,109703;0,109704;0,109705;0,109706;0,109707;0,109708;58479,109709;0,109710;47236,109711;0,109714;0,109716;0,109717;0,109718;0,109719;0,109720;0,109721;0,109722;179369,109723;0,109724;0,109725;0,109726;0,109727;0,109728;0,109729;0,109731;0,109732;0,109734;0,109735;6607,109736;0,109737;0,109740;0,109741;0,109742;0,109743;0,109744;0,109745;0,109746;0,109747;0,109748;0,109749;0,109752;57081,109753;0,109754;0,109755;0,109756;0,109757;92916,109758;0,109759;0,109760;0,109761;0,109762;0,109763;0,109764;0,109765;0,109766;52750,109767;0,109769;0,109770;0,109771;0,109772;23528,109773;0,109774;0,109775;0,109776;0,109777;0,109778;0,109779;0,109780;0,109417;0,109453;1,109473;0,109476;0,109484;150,109492;0,109494;0,109495;0,109498;32,109501;1958,109502;0,109503;0,109505;0,109506;0,109508;0,109509;3,109510;0,109511;0,109512;0,109513;11099,109514;0,109515;63,109517;0,109518;0,109519;0,109520;191717,109521;0,109522;0,109523;0,109524;0,109525;0,109526;0,109527;0,109528;0,109529;0,109530;33,109531;0,109532;0,109533;1339,109534;0,109535;262,109536;0,109538;0,109539;0,109540;0,109541;0,109542;0,109543;0,109544;28837,109545;0,109546;173,109547;0,109548;3607,109550;0,109551;34090,109552;10136,109553;0,109554;0,109555;0,109556;0,109557;26812,109558;0,109559;0,109560;0,109561;99165,109562;0,109563;0,109564;0,109565;0,109566;0,109567;0,
109568;149187,109569;0,109570;0,109571;0,109572;0,109573;0,109574;0,109575;0,109576;0,109577;0,109578;0,109579;0,109580;0,109581;155,109582;19085,109583;0,109584;77073,109585;807,109586;0,109587;0,109588;0,109589;0,109591;0,109592;0,109593;0,109594;0,109595;0,109596;64,109597;151234,109598;0,109599;0,109600;0,109601;0,109602;0,109603;0,109605;0,109606;0,109607;0,109608;0,109609;0,109610;0,109611;0,109612;0,109613;0,109614;0,109615;0,109616;0,109617;132584,109618;0,109619;0,109620;0,109621;0,109622;0,109623;0,109624;0,109625;10810,109626;0,109627;0,109628;0,109629;0,109630;0,109631;0,109632;1018,109633;0,109634;145705,109635;0,109636;52153,109637;0,109638;0,109640;0,109641;0,109644;0,109646;0,109647;0,109648;0,109650;0,109651;0,109652;41641,109653;0,109654;0,109655;0,109656;0,109657;0,109658;0,109659;0,109660;0,109661;0,109662;0,109663;0,109664;0,109665;0,109666;0,109667;0,109668;153882,109669;0,109670;52939,109671;0,109673;0,109674;0,109675;0,109676;0,109677;0,109678;0,109679;0,109680;717,109681;10359,109682;0,109683;0,109684;0,109686;0,109687;0,109688;0,109689;0,109690;0,109691;0,109692;0,109693;20145,109694;0,109695;134,109696;0,109697;0,109698;0,109699;5896,109700;0,109701;46248,109702;5908,109703;0,109704;0,109705;0,109706;0,109707;0,109708;58479,109709;0,109710;47236,109711;0,109714;0,109716;0,109717;0,109718;0,109719;0,109720;0,109721;0,109722;179369,109723;0,109724;0,109725;0,109726;0,109727;0,109728;0,109729;0,109731;0,109732;0,109734;0,109735;6607,109736;0,109737;0,109740;0,109741;0,109742;0,109743;0,109744;0,109745;0,109746;0,109747;0,109748;0,109749;0,109752;57081,109753;0,109754;0,109755;0,109756;0,109757;92916,109758;0,109759;0,109760;0,109761;0,109762;0,109763;0,109764;0,109765;0,109766;60962,109767;0,109769;0,109770;0,109771;0,109772;23528,109773;0,109774;0,109775;0,109776;0,109777;0,109778;0,109779;288,109780;0,109781;0,109782;0,109417;0,109453;1,109473;0,109476;0,109484;150,109492;0,109494;0,109495;0,109498;32,109501;1958,109502;0,109503;0,109505;0,109506;0,109508;0,109509;3,109510;0,109511;0,109512;0,109513;11099,109514;0,109515;63,109517;0,109518;0,109519;0,109520;191717,109521;0,109522;0,109523;0,109524;0,109525;0,109526;0,109527;0,109528;0,109529;0,109530;33,109531;0,109532;0,109533;1339,109534;0,109535;262,109536;0,109538;0,109539;0,109540;0,109541;0,109542;0,109543;0,109544;28837,109545;0,109546;173,109547;0,109548;3607,109550;0,109551;34090,109552;10136,109553;0,109554;0,109555;0,109556;0,109557;26812,109558;0,109559;0,109560;0,109561;99165,109562;0,109563;0,109564;0,109565;0,109566;0,109567;0,
109568;149187,109569;0,109570;0,109571;0,109572;0,109573;0,109574;0,109575;0,109576;0,109577;0,109578;0,109579;0,109580;0,109581;155,109582;19085,109583;0,109584;77073,109585;807,109586;0,109587;0,109588;0,109589;0,109591;0,109592;0,109593;0,109594;0,109595;0,109596;64,109597;151234,109598;0,109599;0,109600;0,109601;0,109602;0,109603;0,109605;0,109606;0,109607;0,109608;0,109609;0,109610;0,109611;0,109612;0,109613;0,109614;0,109615;0,109616;0,109617;132584,109618;0,109619;0,109620;0,109621;0,109622;0,109623;0,109624;0,109625;10810,109626;0,109627;0,109628;0,109629;0,109630;0,109631;0,109632;1018,109633;0,109634;145705,109635;0,109636;52153,109637;0,109638;0,109640;0,109641;0,109644;0,109646;0,109647;0,109648;0,109650;0,109651;0,109652;41641,109653;0,109654;0,109655;0,109656;0,109657;0,109658;0,109659;0,109660;0,109661;0,109662;0,109663;0,109664;0,109665;0,109666;0,109667;0,109668;153882,109669;0,109670;52939,109671;0,109673;0,109674;0,109675;0,109676;0,109677;0,109678;0,109679;0,109680;717,109681;10359,109682;0,109683;0,109684;0,109686;0,109687;0,109688;0,109689;0,109690;0,109691;0,109692;0,109693;20145,109694;0,109695;134,109696;0,109697;0,109698;0,109699;5896,109700;0,109701;46248,109702;5908,109703;0,109704;0,109705;0,109706;0,109707;0,109708;58479,109709;0,109710;47236,109711;0,109714;0,109716;0,109717;0,109718;0,109719;0,109720;0,109721;0,109722;179369,109723;0,109724;0,109725;0,109726;0,109727;0,109728;0,109729;0,109731;0,109732;0,109734;0,109735;6607,109736;0,109737;0,109740;0,109741;0,109742;0,109743;0,109744;0,109745;0,109746;0,109747;0,109748;0,109749;0,109752;57081,109753;0,109754;0,109755;0,109756;0,109757;92916,109758;0,109759;0,109760;0,109761;0,109762;0,109763;0,109764;0,109765;0,109766;60962,109767;0,109769;0,109770;0,109771;0,109772;23528,109773;0,109774;0,109775;0,109776;0,109777;0,109778;0,109779;9438,109780;0,109781;0,109782;0,109417;0,109453;1,109473;0,109476;0,109484;150,109492;0,109494;0,109495;0,109498;32,109501;1958,109502;0,109503;0,109505;0,109506;0,109508;0,109509;3,109510;0,109511;0,109512;0,109513;11099,109514;0,109515;63,109517;0,109518;0,109519;0,109520;191717,109521;0,109522;0,109523;0,109524;0,109525;0,109526;0,109527;0,109528;0,109529;0,109530;33,109531;0,109532;0,109533;1339,109534;0,109535;262,109536;0,109538;0,109539;0,109540;0,109541;0,109542;0,109543;0,109544;28837,109545;0,109546;173,109547;0,109548;3607,109550;0,109551;34090,109552;10136,109553;0,109554;0,109555;0,109556;0,109557;26812,109558;0,109559;0,109560;0,109561;99165,109562;0,109563;0,109564;0,109565;0,109566;0,109567;0,
109568;149187,109569;0,109570;0,109571;0,109572;0,109573;0,109574;0,109575;0,109576;0,109577;0,109578;0,109579;0,109580;0,109581;155,109582;19085,109583;0,109584;77073,109585;807,109586;0,109587;0,109588;0,109589;0,109591;0,109592;0,109593;0,109594;0,109595;0,109596;64,109597;151234,109598;0,109599;0,109600;0,109601;0,109602;0,109603;0,109605;0,109606;0,109607;0,109608;0,109609;0,109610;0,109611;0,109612;0,109613;0,109614;0,109615;0,109616;0,109617;132584,109618;0,109619;0,109620;0,109621;0,109622;0,109623;0,109624;0,109625;10810,109626;0,109627;0,109628;0,109629;0,109630;0,109631;0,109632;1018,109633;0,109634;145705,109635;0,109636;52153,109637;0,109638;0,109640;0,109641;0,109644;0,109646;0,109647;0,109648;0,109650;0,109651;0,109652;41641,109653;0,109654;0,109655;0,109656;0,109657;0,109658;0,109659;0,109660;0,109661;0,109662;0,109663;0,109664;0,109665;0,109666;0,109667;0,109668;153882,109669;0,109670;52939,109671;0,109673;0,109674;0,109675;0,109676;0,109677;0,109678;0,109679;0,109680;717,109681;10359,109682;0,109683;0,109684;0,109686;0,109687;0,109688;0,109689;0,109690;0,109691;0,109692;0,109693;20145,109694;0,109695;134,109696;0,109697;0,109698;0,109699;5896,109700;0,109701;46248,109702;5908,109703;0,109704;0,109705;0,109706;0,109707;0,109708;58479,109709;0,109710;47236,109711;0,109714;0,109716;0,109717;0,109718;0,109719;0,109720;0,109721;0,109722;179369,109723;0,109724;0,109725;0,109726;0,109727;0,109728;0,109729;0,109730;0,109731;0,109732;0,109734;0,109735;6607,109736;0,109737;0,109740;0,109741;0,109742;0,109743;0,109744;0,109745;0,109746;0,109747;0,109748;0,109749;0,109752;57081,109753;0,109754;0,109755;0,109756;0,109757;92916,109758;0,109759;0,109760;0,109761;0,109762;0,109763;0,109764;0,109765;0,109766;60962,109767;0,109769;0,109770;0,109771;0,109772;23528,109773;0,109774;0,109775;0,109776;0,109777;0,109778;0,109779;18599,109780;0,109781;0,109782;0,109783;0,109417;0,109453;1,109473;0,109476;0,109484;150,109492;0,109494;0,109495;0,109498;32,109501;1958,109502;0,109503;0,109505;0,109506;0,109508;0,109509;3,109510;0,109511;0,109512;0,109513;11099,109514;0,109515;63,109517;0,109518;0,109519;0,109520;191717,109521;0,109522;0,109523;0,109524;0,109525;0,109526;0,109527;0,109528;0,109529;0,109530;33,109531;0,109532;0,109533;1339,109534;0,109535;262,109536;0,109538;0,109539;0,109540;0,109541;0,109542;0,109543;0,109544;28837,109545;0,109546;173,109547;0,109548;3607,109550;0,109551;34090,109552;10136,109553;0,109554;0,109555;0,109556;0,109557;26812,109558;0,109559;0,109560;0,109561;99165,109562;0,109563;0,109564;0,109565;0,109566;0,109567;0,
109568;149187,109569;0,109570;0,109571;0,109572;0,109573;0,109574;0,109575;0,109576;0,109577;0,109578;0,109579;0,109580;0,109581;155,109582;19085,109583;0,109584;77073,109585;807,109586;0,109587;0,109588;0,109589;0,109591;0,109592;0,109593;0,109594;0,109595;0,109596;64,109597;151234,109598;0,109599;0,109600;0,109601;0,109602;0,109603;0,109605;0,109606;0,109607;0,109608;0,109609;0,109610;0,109611;0,109612;0,109613;0,109614;0,109615;0,109616;0,109617;132584,109618;0,109619;0,109620;0,109621;0,109622;0,109623;0,109624;0,109625;10810,109626;0,109627;0,109628;0,109629;0,109630;0,109631;0,109632;1018,109633;0,109634;145705,109635;0,109636;52153,109637;0,109638;0,109640;0,109641;0,109644;0,109646;0,109647;0,109648;0,109650;0,109651;0,109652;41641,109653;0,109654;0,109655;0,109656;0,109657;0,109658;0,109659;0,109660;0,109661;0,109662;0,109663;0,109664;0,109665;0,109666;0,109667;0,109668;153882,109669;0,109670;52939,109671;0,109673;0,109674;0,109675;0,109676;0,109677;0,109678;0,109679;0,109680;717,109681;10359,109682;0,109683;0,109684;0,109686;0,109687;0,109688;0,109689;0,109690;0,109691;0,109692;0,109693;20145,109694;0,109695;134,109696;0,109697;0,109698;0,109699;5896,109700;0,109701;46248,109702;5908,109703;0,109704;0,109705;0,109706;0,109707;0,109708;58479,109709;0,109710;47236,109711;0,109714;0,109716;0,109717;0,109718;0,109719;0,109720;0,109721;0,109722;179369,109723;0,109724;0,109725;0,109726;0,109727;0,109728;0,109729;0,109730;0,109731;0,109732;0,109734;0,109735;6607,109736;0,109737;0,109740;0,109741;0,109742;0,109743;0,109744;0,109745;0,109746;0,109747;0,109748;0,109749;0,109752;57081,109753;0,109754;0,109755;0,109756;0,109757;92916,109758;0,109759;0,109760;0,109761;0,109762;0,109763;0,109764;0,109765;0,109766;60962,109767;0,109769;0,109770;0,109771;0,109772;23528,109773;0,109774;0,109775;0,109776;0,109777;0,109778;0,109779;27799,109780;0,109781;0,109782;0,109783;0,109417;0,109453;1,109473;0,109476;0,109484;150,109492;0,109494;0,109495;0,109498;32,109501;1958,109502;0,109503;0,109505;0,109506;0,109508;0,109509;3,109510;0,109511;0,109512;0,109513;11099,109514;0,109515;63,109517;0,109518;0,109519;0,109520;191717,109521;0,109522;0,109523;0,109524;0,109525;0,109526;0,109527;0,109528;0,109529;0,109530;33,109531;0,109532;0,109533;1339,109534;0,109535;262,109536;0,109538;0,109539;0,109540;0,109541;0,109542;0,109543;0,109544;28837,109545;0,109546;173,109547;0,109548;3607,109550;0,109551;34090,109552;10136,109553;0,109554;0,109555;0,109556;0,109557;26812,109558;0,109559;0,109560;0,109561;99165,109562;0,109563;0,109564;0,109565;0,109566;0,109567;0,
109568;149187,109569;0,109570;0,109571;0,109572;0,109573;0,109574;0,109575;0,109576;0,109577;0,109578;0,109579;0,109580;0,109581;155,109582;19085,109583;0,109584;77073,109585;807,109586;0,109587;0,109588;0,109589;0,109591;0,109592;0,109593;0,109594;0,109595;0,109596;64,109597;151234,109598;0,109599;0,109600;0,109601;0,109602;0,109603;0,109605;0,109606;0,109607;0,109608;0,109609;0,109610;0,109611;0,109612;0,109613;0,109614;0,109615;0,109616;0,109617;132584,109618;0,109619;0,109620;0,109621;0,109622;0,109623;0,109624;0,109625;10810,109626;0,109627;0,109628;0,109629;0,109630;0,109631;0,109632;1018,109633;0,109634;145705,109635;0,109636;52153,109637;0,109638;0,109640;0,109641;0,109644;0,109646;0,109647;0,109648;0,109650;0,109651;0,109652;41641,109653;0,109654;0,109655;0,109656;0,109657;0,109658;0,109659;0,109660;0,109661;0,109662;0,109663;0,109664;0,109665;0,109666;0,109667;0,109668;153882,109669;0,109670;52939,109671;0,109673;0,109674;0,109675;0,109676;0,109677;0,109678;0,109679;0,109680;717,109681;10359,109682;0,109683;0,109684;0,109686;0,109687;0,109688;0,109689;0,109690;0,109691;0,109692;0,109693;20145,109694;0,109695;134,109696;0,109697;0,109698;0,109699;5896,109700;0,109701;46248,109702;5908,109703;0,109704;0,109705;0,109706;0,109707;0,109708;58479,109709;0,109710;47236,109711;0,109714;0,109716;0,109717;0,109718;0,109719;0,109720;0,109721;0,109722;179369,109723;0,109724;0,109725;0,109726;0,109727;0,109728;0,109729;0,109730;0,109731;0,109732;0,109734;0,109735;6607,109736;0,109737;0,109740;0,109741;0,109742;0,109743;0,109744;0,109745;0,109746;0,109747;0,109748;0,109749;0,109752;57081,109753;0,109754;0,109755;0,109756;0,109757;92916,109758;0,109759;0,109760;0,109761;0,109762;0,109763;0,109764;0,109765;0,109766;60962,109767;0,109769;0,109770;0,109771;0,109772;23528,109773;0,109774;0,109775;0,109776;0,109777;0,109778;0,109779;36988,109780;0,109781;0,109782;0,109783;0,109784;0,109417;0,109453;1,109473;0,109476;0,109484;150,109492;0,109494;0,109495;0,109498;32,109501;1958,109502;0,109503;0,109505;0,109506;0,109508;0,109509;3,109510;0,109511;0,109512;0,109513;11099,109514;0,109515;63,109517;0,109518;0,109519;0,109520;191717,109521;0,109522;0,109523;0,109524;0,109525;0,109526;0,109527;0,109528;0,109529;0,109530;33,109531;0,109532;0,109533;1339,109534;0,109535;262,109536;0,109538;0,109539;0,109540;0,109541;0,109542;0,109543;0,109544;28837,109545;0,109546;173,109547;0,109548;3607,109550;0,109551;34090,109552;10136,109553;0,109554;0,109555;0,109556;0,109557;26812,109558;0,109559;0,109560;0,109561;99165,109562;0,109563;0,109564;0,109565;0,109566;0,109567;0,
109568;149187,109569;0,109570;0,109571;0,109572;0,109573;0,109574;0,109575;0,109576;0,109577;0,109578;0,109579;0,109580;0,109581;155,109582;19085,109583;0,109584;77073,109585;807,109586;0,109587;0,109588;0,109589;0,109591;0,109592;0,109593;0,109594;0,109595;0,109596;64,109597;151234,109598;0,109599;0,109600;0,109601;0,109602;0,109603;0,109605;0,109606;0,109607;0,109608;0,109609;0,109610;0,109611;0,109612;0,109613;0,109614;0,109615;0,109616;0,109617;132584,109618;0,109619;0,109620;0,109621;0,109622;0,109623;0,109624;0,109625;10810,109626;0,109627;0,109628;0,109629;0,109630;0,109631;0,109632;1018,109633;0,109634;145705,109635;0,109636;52153,109637;0,109638;0,109640;0,109641;0,109644;0,109646;0,109647;0,109648;0,109650;0,109651;0,109652;41641,109653;0,109654;0,109655;0,109656;0,109657;0,109658;0,109659;0,109660;0,109661;0,109662;0,109663;0,109664;0,109665;0,109666;0,109667;0,109668;153882,109669;0,109670;52939,109671;0,109673;0,109674;0,109675;0,109676;0,109677;0,109678;0,109679;0,109680;717,109681;10359,109682;0,109683;0,109684;0,109686;0,109687;0,109688;0,109689;0,109690;0,109691;0,109692;0,109693;20145,109694;0,109695;134,109696;0,109697;0,109698;0,109699;5896,109700;0,109701;46248,109702;5908,109703;0,109704;0,109705;0,109706;0,109707;0,109708;58479,109709;0,109710;47236,109711;0,109714;0,109716;0,109717;0,109718;0,109719;0,109720;0,109721;0,109722;179369,109723;0,109724;0,109725;0,109726;0,109727;0,109728;0,109729;0,109730;0,109731;0,109732;0,109734;0,109735;6607,109736;0,109737;0,109740;0,109741;0,109742;0,109743;0,109744;0,109745;0,109746;0,109747;0,109748;0,109749;0,109752;57081,109753;0,109754;0,109755;0,109756;0,109757;92916,109758;0,109759;0,109760;0,109761;0,109762;0,109763;0,109764;0,109765;0,109766;60962,109767;0,109769;0,109770;0,109771;0,109772;23528,109773;0,109774;0,109775;0,109776;0,109777;0,109778;0,109779;45832,109780;0,109781;0,109782;0,109783;0,109784;0,109785;0,109417;0,109453;1,109473;0,109476;0,109484;150,109492;0,109494;0,109495;0,109498;32,109501;1958,109502;0,109503;0,109505;0,109506;0,109508;0,109509;3,109510;0,109511;0,109512;0,109513;11099,109514;0,109515;63,109517;0,109518;0,109519;0,109520;191717,109521;0,109522;0,109523;0,109524;0,109525;0,109526;0,109527;0,109528;0,109529;0,109530;33,109531;0,109532;0,109533;1339,109534;0,109535;262,109536;0,109538;0,109539;0,109540;0,109541;0,109542;0,109543;0,109544;28837,109545;0,109546;173,109547;0,109548;3607,109550;0,109551;34090,109552;10136,109553;0,109554;0,109555;0,109556;0,109557;26812,109558;0,109559;0,109560;0,109561;99165,109562;0,109563;0,109564;0,109565;0,109566;0,109567;0,
109568;149187,109569;0,109570;0,109571;0,109572;0,109573;0,109574;0,109575;0,109576;0,109577;0,109578;0,109579;0,109580;0,109581;155,109582;19085,109583;0,109584;77073,109585;807,109586;0,109587;0,109588;0,109589;0,109591;0,109592;0,109593;0,109594;0,109595;0,109596;64,109597;151234,109598;0,109599;0,109600;0,109601;0,109602;0,109603;0,109605;0,109606;0,109607;0,109608;0,109609;0,109610;0,109611;0,109612;0,109613;0,109614;0,109615;0,109616;0,109617;132584,109618;0,109619;0,109620;0,109621;0,109622;0,109623;0,109624;0,109625;10810,109626;0,109627;0,109628;0,109629;0,109630;0,109631;0,109632;1018,109633;0,109634;145705,109635;0,109636;52153,109637;0,109638;0,109640;0,109641;0,109644;0,109646;0,109647;0,109648;0,109650;0,109651;0,109652;41641,109653;0,109654;0,109655;0,109656;0,109657;0,109658;0,109659;0,109660;0,109661;0,109662;0,109663;0,109664;0,109665;0,109666;0,109667;0,109668;153882,109669;0,109670;52939,109671;0,109673;0,109674;0,109675;0,109676;0,109677;0,109678;0,109679;0,109680;717,109681;10359,109682;0,109683;0,109684;0,109686;0,109687;0,109688;0,109689;0,109690;0,109691;0,109692;0,109693;20145,109694;0,109695;134,109696;0,109697;0,109698;0,109699;5896,109700;0,109701;46248,109702;5908,109703;0,109704;0,109705;0,109706;0,109707;0,109708;58479,109709;0,109710;47236,109711;0,109714;0,109716;0,109717;0,109718;0,109719;0,109720;0,109721;0,109722;179369,109723;0,109724;0,109725;0,109726;0,109727;0,109728;0,109729;0,109730;0,109731;0,109732;0,109734;0,109735;6607,109736;0,109737;0,109740;0,109741;0,109742;0,109743;0,109744;0,109745;0,109746;0,109747;0,109748;0,109749;0,109752;57081,109753;0,109754;0,109755;0,109756;0,109757;92916,109758;0,109759;0,109760;0,109761;0,109762;0,109763;0,109764;0,109765;0,109766;60962,109767;0,109769;0,109770;0,109771;0,109772;23528,109773;0,109774;0,109775;0,109776;0,109777;0,109778;0,109779;54744,109780;0,109781;0,109782;0,109783;0,109784;0,109785;0,109417;0,109453;1,109473;0,109476;0,109484;150,109492;0,109494;0,109495;0,109498;32,109501;1958,109502;0,109503;0,109505;0,109506;0,109508;0,109509;3,109510;0,109511;0,109512;0,109513;11099,109514;0,109515;63,109517;0,109518;0,109519;0,109520;191717,109521;0,109522;0,109523;0,109524;0,109525;0,109526;0,109527;0,109528;0,109529;0,109530;33,109531;0,109532;0,109533;1339,109534;0,109535;262,109536;0,109538;0,109539;0,109540;0,109541;0,109542;0,109543;0,109544;28837,109545;0,109546;173,109547;0,109548;3607,109550;0,109551;34090,109552;10136,109553;0,109554;0,109555;0,109556;0,109557;26812,109558;0,109559;0,109560;0,109561;99165,109562;0,109563;0,109564;0,109565;0,109566;0,109567;0,
109568;149187,109569;0,109570;0,109571;0,109572;0,109573;0,109574;0,109575;0,109576;0,109577;0,109578;0,109579;0,109580;0,109581;155,109582;19085,109583;0,109584;77073,109585;807,109586;0,109587;0,109588;0,109589;0,109591;0,109592;0,109593;0,109594;0,109595;0,109596;64,109597;151234,109598;0,109599;0,109600;0,109601;0,109602;0,109603;0,109605;0,109606;0,109607;0,109608;0,109609;0,109610;0,109611;0,109612;0,109613;0,109614;0,109615;0,109616;0,109617;132584,109618;0,109619;0,109620;0,109621;0,109622;0,109623;0,109624;0,109625;10810,109626;0,109627;0,109628;0,109629;0,109630;0,109631;0,109632;1018,109633;0,109634;145705,109635;0,109636;52153,109637;0,109638;0,109640;0,109641;0,109644;0,109646;0,109647;0,109648;0,109650;0,109651;0,109652;41641,109653;0,109654;0,109655;0,109656;0,109657;0,109658;0,109659;0,109660;0,109661;0,109662;0,109663;0,109664;0,109665;0,109666;0,109667;0,109668;153882,109669;0,109670;52939,109671;0,109673;0,109674;0,109675;0,109676;0,109677;0,109678;0,109679;0,109680;717,109681;10359,109682;0,109683;0,109684;0,109686;0,109687;0,109688;0,109689;0,109690;0,109691;0,109692;0,109693;20145,109694;0,109695;134,109696;0,109697;0,109698;0,109699;5896,109700;0,109701;46248,109702;5908,109703;0,109704;0,109705;0,109706;0,109707;0,109708;58479,109709;0,109710;47236,109711;0,109714;0,109716;0,109717;0,109718;0,109719;0,109720;0,109721;0,109722;179369,109723;0,109724;0,109725;0,109726;0,109727;0,109728;0,109729;0,109730;0,109731;0,109732;0,109734;0,109735;6607,109736;0,109737;0,109740;0,109741;0,109742;0,109743;0,109744;0,109745;0,109746;0,109747;0,109748;0,109749;0,109752;57081,109753;0,109754;0,109755;0,109756;0,109757;92916,109758;0,109759;0,109760;0,109761;0,109762;0,109763;0,109764;0,109765;0,109766;60962,109767;0,109769;0,109770;0,109771;0,109772;23528,109773;0,109774;0,109775;0,109776;0,109777;0,109778;0,109779;64138,109780;0,109781;0,109782;0,109783;0,109784;0,109785;0,109417;0,109453;1,109473;0,109476;0,109484;150,109492;0,109494;0,109495;0,109498;32,109501;1958,109502;0,109503;0,109505;0,109506;0,109508;0,109509;3,109510;0,109511;0,109512;0,109513;11099,109514;0,109515;63,109517;0,109518;0,109519;0,109520;191717,109521;0,109522;0,109523;0,109524;0,109525;0,109526;0,109527;0,109528;0,109529;0,109530;33,109531;0,109532;0,109533;1339,109534;0,109535;262,109536;0,109538;0,109539;0,109540;0,109541;0,109542;0,109543;0,109544;28837,109545;0,109546;173,109547;0,109548;3607,109550;0,109551;34090,109552;10136,109553;0,109554;0,109555;0,109556;0,109557;26812,109558;0,109559;0,109560;0,109561;99165,109562;0,109563;0,109564;0,109565;0,109566;0,109567;0,
109568;149187,109569;0,109570;0,109571;0,109572;0,109573;0,109574;0,109575;0,109576;0,109577;0,109578;0,109579;0,109580;0,109581;155,109582;19085,109583;0,109584;77073,109585;807,109586;0,109587;0,109588;0,109589;0,109591;0,109592;0,109593;0,109594;0,109595;0,109596;64,109597;151234,109598;0,109599;0,109600;0,109601;0,109602;0,109603;0,109605;0,109606;0,109607;0,109608;0,109609;0,109610;0,109611;0,109612;0,109613;0,109614;0,109615;0,109616;0,109617;132584,109618;0,109619;0,109620;0,109621;0,109622;0,109623;0,109624;0,109625;10810,109626;0,109627;0,109628;0,109629;0,109630;0,109631;0,109632;1018,109633;0,109634;145705,109635;0,109636;52153,109637;0,109638;0,109640;0,109641;0,109644;0,109646;0,109647;0,109648;0,109650;0,109651;0,109652;41641,109653;0,109654;0,109655;0,109656;0,109657;0,109658;0,109659;0,109660;0,109661;0,109662;0,109663;0,109664;0,109665;0,109666;0,109667;0,109668;153882,109669;0,109670;52939,109671;0,109673;0,109674;0,109675;0,109676;0,109677;0,109678;0,109679;0,109680;717,109681;10359,109682;0,109683;0,109684;0,109686;0,109687;0,109688;0,109689;0,109690;0,109691;0,109692;0,109693;20145,109694;0,109695;134,109696;0,109697;0,109698;0,109699;5896,109700;0,109701;46248,109702;5908,109703;0,109704;0,109705;0,109706;0,109707;0,109708;58479,109709;0,109710;47236,109711;0,109714;0,109716;0,109717;0,109718;0,109719;0,109720;0,109721;0,109722;179369,109723;0,109724;0,109725;0,109726;0,109727;0,109728;0,109729;0,109730;0,109731;0,109732;0,109734;0,109735;6607,109736;0,109737;0,109740;0,109741;0,109742;0,109743;0,109744;0,109745;0,109746;0,109747;0,109748;0,109749;0,109752;57081,109753;0,109754;0,109755;0,109756;0,109757;92916,109758;0,109759;0,109760;0,109761;0,109762;0,109763;0,109764;0,109765;0,109766;60962,109767;0,109769;0,109770;0,109771;0,109772;23528,109773;0,109774;0,109775;0,109776;0,109777;0,109778;0,109779;64749,109780;0,109781;0,109782;0,109783;0,109784;0,109785;0,109417;0,109453;1,109473;0,109476;0,109484;150,109492;0,109494;0,109495;0,109498;32,109501;1958,109502;0,109503;0,109505;0,109506;0,109508;0,109509;3,109510;0,109511;0,109512;0,109513;11099,109514;0,109515;63,109517;0,109518;0,109519;0,109520;191717,109521;0,109522;0,109523;0,109524;0,109525;0,109526;0,109527;0,109528;0,109529;0,109530;33,109531;0,109532;0,109533;1339,109534;0,109535;262,109536;0,109538;0,109539;0,109540;0,109541;0,109542;0,109543;0,109544;28837,109545;0,109546;173,109547;0,109548;3607,109550;0,109551;34090,109552;10136,109553;0,109554;0,109555;0,109556;0,109557;26812,109558;0,109559;0,109560;0,109561;99165,109562;0,109563;0,109564;0,109565;0,109566;0,109567;0,
